husband and wife,murder,the desire for vengeance,infatuation,romantic love,friendship,spouse murder,greed for riches,father and son,extramarital affair
0,0,0,0,0,1,0,0,0,0
0,1,1,0,0,0,0,1,0,0
1,0,0,0,0,0,1,0,0,1
0,1,1,0,0,0,0,0,1,0
1,0,0,0,0,1,1,0,0,0
1,0,0,0,0,0,1,0,0,0
0,0,0,0,0,0,0,0,1,0
1,0,0,0,0,0,0,0,0,0
0,0,1,0,1,0,0,0,0,0
1,0,0,0,0,0,0,0,0,0
1,0,0,0,0,0,0,0,0,0
1,0,1,0,1,1,0,0,0,0
0,0,0,0,0,0,0,0,1,0
1,0,0,0,0,0,0,0,0,0
0,0,0,0,1,0,0,0,1,0
0,1,0,0,0,0,0,1,0,0
0,0,0,0,1,0,0,0,0,0
0,0,0,0,0,1,0,1,0,0
0,0,0,0,0,0,0,1,1,0
1,0,0,0,0,0,0,0,0,0
0,0,0,0,1,1,0,0,0,0
0,0,0,1,0,0,0,0,0,0
0,0,1,0,0,0,0,0,0,0
0,1,0,0,0,0,0,0,0,0
1,0,0,0,0,0,0,0,0,0
0,0,1,0,0,0,0,0,0,0
0,0,1,0,0,0,0,0,0,0
0,1,0,0,0,0,0,0,0,0
0,1,0,0,0,0,0,0,0,0
0,0,0,0,0,0,0,1,0,0
1,0,0,1,0,0,1,0,0,1
1,0,1,0,1,0,0,1,0,0
0,1,0,0,0,0,0,0,0,0
0,0,0,0,1,0,0,0,0,0
1,0,0,0,0,0,0,0,0,0
0,0,0,0,0,1,0,0,1,0
0,0,0,0,0,0,0,1,0,0
1,0,0,1,0,0,0,0,1,0
0,1,0,0,0,0,0,0,0,0
1,0,0,0,0,0,1,1,0,0
0,1,0,0,1,0,0,0,0,0
1,1,0,0,0,1,1,0,0,1
1,0,0,0,1,0,0,0,0,0
1,1,0,0,0,0,0,0,0,1
0,1,0,0,0,0,0,0,0,0
1,0,0,1,0,0,0,0,0,0
1,0,0,0,0,0,0,0,0,0
0,0,0,0,0,1,0,0,0,0
1,0,0,0,0,0,0,0,0,0
0,0,0,0,0,1,0,0,0,0
0,0,0,1,0,0,0,0,0,0
0,0,0,0,1,0,0,0,0,1
1,1,1,0,0,1,0,0,0,1
0,1,0,0,0,0,0,0,0,0
0,0,0,0,1,1,0,0,0,0
1,1,0,0,0,0,0,0,0,0
0,0,0,1,0,0,0,0,0,0
0,1,0,0,0,0,0,0,0,0
0,0,0,0,0,0,0,0,1,0
0,0,0,1,0,0,0,0,0,0
0,0,0,1,0,0,0,0,0,0
1,0,0,0,1,0,0,0,0,1
0,0,0,0,0,0,0,1,0,0
1,0,0,0,1,0,0,0,0,0
0,0,0,0,0,1,0,0,0,0
0,0,0,0,0,0,0,0,1,0
0,0,0,0,0,1,0,0,0,0
1,0,0,0,0,0,0,0,0,1
0,0,1,0,0,0,0,0,0,0
0,0,0,0,0,1,0,0,0,0
0,0,0,0,0,1,0,0,0,0
1,0,0,0,1,0,0,0,0,0
0,0,0,1,0,0,1,0,0,0
1,0,0,0,0,0,1,0,0,0
0,0,1,0,0,0,0,1,0,0
1,0,0,0,0,0,1,0,0,1
0,0,0,0,1,0,0,0,0,0
1,1,0,0,0,0,0,0,0,0
1,0,0,0,0,0,1,0,0,0
0,0,1,0,0,0,0,0,0,0
1,0,0,0,0,0,0,0,0,0
0,0,0,1,0,0,0,0,0,0
0,0,1,0,0,0,0,0,0,0
0,1,1,0,0,0,0,1,0,0
0,0,0,0,0,0,0,0,1,0
0,0,0,0,0,1,0,0,0,0
1,0,0,0,1,0,0,0,0,0
0,0,0,0,0,1,0,0,0,0
1,0,0,0,0,0,1,0,0,0
1,0,0,0,0,0,0,0,0,1
1,1,0,0,0,0,0,0,0,0
1,0,0,0,0,0,1,0,0,1
1,0,0,0,0,0,1,0,0,1
0,0,0,0,0,1,0,0,0,0
0,0,0,1,0,0,0,0,0,0
0,0,0,0,1,0,0,0,0,0
1,0,0,0,0,0,0,0,0,0
1,0,0,0,1,0,0,0,0,1
0,0,0,0,0,0,0,0,1,0
0,0,0,1,0,0,0,0,0,0
1,0,0,0,0,0,0,0,0,0
0,0,0,1,0,0,0,0,0,0
0,0,1,0,0,0,0,0,1,0
0,1,0,0,0,0,0,0,0,0
1,1,0,0,0,0,0,0,0,0
1,0,0,0,0,1,1,0,0,0
1,1,0,0,0,0,1,0,0,1
0,0,0,0,0,1,0,0,0,0
0,0,0,0,1,0,0,0,0,0
0,1,1,0,0,0,0,0,0,0
1,0,0,1,0,0,0,0,0,0
1,1,0,0,0,0,0,0,0,0
0,0,0,0,0,0,0,0,1,0
1,0,0,0,0,0,1,1,0,0
0,0,0,1,0,0,0,0,0,0
1,0,0,0,0,0,0,0,0,0
1,0,0,0,0,0,0,0,0,0
0,0,0,0,0,0,0,1,0,0
1,0,1,0,0,0,0,1,0,0
0,1,0,0,0,0,0,0,0,1
1,1,0,0,0,0,0,0,0,0
0,0,0,0,0,1,0,0,0,0
0,0,0,0,0,0,0,1,0,0
1,0,0,0,0,0,0,0,0,0
0,0,0,0,0,0,1,0,0,0
0,0,0,0,0,0,0,1,0,0
1,0,0,0,0,0,0,0,0,0
0,1,0,0,0,0,0,0,0,0
1,0,0,0,0,0,0,0,0,1
1,0,0,0,1,0,0,0,0,1
0,0,0,1,0,0,0,0,0,0
0,1,0,0,0,0,0,0,0,0
1,1,0,1,0,0,0,1,0,1
0,0,1,0,0,0,1,0,0,0
1,0,0,0,0,0,1,0,0,0
0,0,0,1,0,1,0,0,0,0
1,0,0,0,0,0,1,0,0,0
0,0,0,0,1,0,0,0,0,0
1,0,0,0,0,0,0,0,0,0
0,0,0,0,1,0,0,1,0,0
0,0,0,0,0,0,0,0,1,0
1,0,0,0,0,0,1,0,0,0
0,0,0,0,0,0,1,0,0,0
0,0,1,0,0,1,0,0,0,0
1,0,0,0,0,1,0,0,0,0
1,0,0,0,1,0,1,0,0,1
0,0,0,1,0,0,0,1,0,0
1,0,0,0,0,0,1,0,0,0
0,0,0,0,0,1,0,0,1,0
0,0,0,0,0,0,0,0,1,0
0,0,0,1,0,0,0,0,1,0
0,1,0,0,0,0,0,0,0,0
0,1,0,0,0,0,0,0,0,0
0,0,0,0,0,0,0,0,1,0
1,0,0,0,0,0,1,0,0,0
1,0,0,0,0,0,0,0,0,0
1,0,0,0,0,0,1,0,0,0
0,0,0,1,0,0,0,0,0,0
1,0,0,0,0,0,0,0,0,0
1,0,0,0,0,0,1,1,0,0
0,0,0,1,0,0,0,0,0,0
1,0,0,0,0,0,0,0,0,1
0,1,0,0,0,0,0,0,0,0
0,0,0,0,0,0,0,1,0,0
1,0,0,0,0,0,0,0,0,0
1,0,0,0,0,0,0,0,1,0
0,0,0,0,0,0,0,0,1,0
1,0,0,0,0,0,0,0,0,0
1,0,0,0,0,0,1,0,0,0
1,0,0,0,0,0,0,0,0,0
0,1,0,0,0,0,0,0,0,0
1,0,0,0,0,0,0,0,0,0
1,1,0,0,0,0,0,0,0,1
0,0,0,0,0,0,0,0,1,0
0,1,0,0,0,0,0,0,0,0
1,0,0,0,0,0,0,0,0,0
0,0,0,1,0,0,0,0,0,0
1,0,0,0,0,0,1,0,0,0
0,0,1,0,0,0,0,0,0,0
0,0,0,1,0,0,0,0,0,0
1,0,0,0,0,0,0,0,1,0
1,0,0,0,1,0,1,0,0,0
0,1,0,0,0,1,0,0,0,0
0,0,1,0,0,0,1,0,0,1
0,0,0,0,0,0,0,1,0,0
0,0,0,1,0,0,0,0,0,0
0,0,0,0,0,1,0,0,0,0
0,0,0,0,0,1,0,0,0,0
1,1,0,0,0,0,0,1,0,0
0,0,0,1,0,0,0,0,0,0
0,0,0,0,0,0,0,1,0,0
0,1,0,0,0,0,0,0,0,0
1,0,0,0,0,0,0,0,0,0
1,0,0,0,0,0,0,0,0,1
0,0,0,0,1,0,0,0,0,0
0,1,0,0,0,0,0,0,0,0
0,0,1,0,0,0,0,0,0,0
0,0,0,0,0,0,0,1,0,0
1,0,0,0,0,0,0,0,0,0
0,0,0,0,0,1,0,0,0,0
1,0,0,0,0,1,1,0,0,1
1,0,0,0,0,0,0,0,0,0
0,0,0,0,0,1,0,1,1,0
0,0,0,0,0,0,0,0,1,0
0,0,1,0,0,0,0,0,0,0
0,1,1,0,0,0,0,0,0,0
1,0,0,0,1,0,0,0,0,1
0,0,0,0,0,1,0,0,0,0
1,0,0,0,0,0,1,0,0,0
1,0,0,0,0,1,0,0,0,0
0,0,1,0,0,0,0,0,0,0
1,0,0,0,0,0,1,1,0,0
0,1,0,0,0,0,0,0,0,0
0,0,0,0,1,0,0,0,0,0
0,0,0,0,0,1,0,0,0,0
1,0,0,0,0,0,1,0,0,1
0,0,0,0,0,0,0,0,1,0
0,0,0,0,1,0,0,0,0,0
0,0,0,0,0,0,0,0,1,0
0,0,0,0,0,1,0,0,1,0
0,0,0,0,1,0,0,0,0,0
1,1,0,0,0,0,0,0,0,0
0,0,0,0,1,0,0,0,0,0
0,0,0,0,0,1,0,0,1,0
0,0,0,0,0,0,0,1,0,0
0,0,1,0,1,0,0,0,0,0
0,0,0,1,0,0,0,0,0,0
1,1,0,0,0,0,0,0,0,0
1,0,0,0,0,0,0,0,1,0
1,0,0,1,0,0,1,0,0,1
0,0,0,0,0,1,0,0,0,0
0,0,0,0,0,1,0,0,0,0
1,1,0,0,0,0,0,0,0,0
0,0,0,1,0,0,0,0,0,0
1,0,0,0,0,0,1,0,0,1
0,1,1,0,0,0,0,0,0,0
0,0,0,1,0,0,0,0,0,0
0,0,0,1,0,0,0,1,0,0
1,0,0,0,0,0,1,0,0,0
1,0,0,0,0,0,1,1,0,1
0,0,0,0,0,0,1,0,1,0
0,0,0,1,0,0,0,0,0,0
1,0,1,0,0,0,0,0,0,0
0,0,0,1,0,0,0,0,0,0
0,0,0,0,1,0,0,0,0,0
0,0,0,0,0,1,0,0,1,0
1,0,0,0,0,0,0,0,0,0
1,0,1,0,1,0,0,1,0,0
0,1,0,0,0,0,0,0,0,0
0,0,1,0,0,0,0,0,0,0
1,1,0,0,1,1,0,0,0,0
0,1,0,0,0,1,0,0,0,0
0,0,0,0,0,0,0,1,0,0
1,0,0,0,0,0,0,0,0,0
1,0,1,0,0,0,0,0,0,0
0,0,0,0,0,0,0,0,1,0
1,0,0,0,0,0,0,0,0,0
0,0,0,0,0,0,0,0,1,0
1,0,0,0,0,0,0,0,0,1
1,0,0,0,0,0,1,0,0,1
0,0,0,0,0,0,0,1,0,0
1,0,0,0,0,0,0,0,0,0
1,0,1,0,0,0,1,0,0,1
1,0,0,0,0,0,0,0,0,0
0,1,0,0,0,0,0,0,1,0
0,0,0,1,0,0,0,0,0,0
1,0,0,0,0,0,1,0,0,1
1,0,0,0,0,0,0,0,0,1
0,0,1,0,0,0,0,0,0,0
1,0,1,0,0,0,0,0,0,0
1,0,0,0,0,0,0,0,0,0
0,0,1,0,0,0,0,0,0,0
1,0,0,0,0,0,0,0,0,0
1,1,0,0,0,0,0,0,0,0
1,0,0,0,0,0,0,0,0,1
0,0,0,1,0,0,0,0,0,0
0,0,0,0,1,0,0,0,0,0
0,0,0,0,0,0,0,0,1,0
0,0,0,1,0,0,0,0,0,0
0,0,0,0,0,0,0,0,1,0
1,0,0,0,0,0,1,0,0,0
0,0,1,0,0,0,0,0,0,0
0,0,1,0,0,0,0,0,0,0
1,1,0,0,0,0,0,0,0,0
1,0,0,0,0,0,0,0,0,0
0,0,1,0,0,0,0,0,0,0
0,1,0,0,0,0,0,0,0,0
0,0,1,0,0,0,1,0,0,0
0,0,0,0,0,0,0,1,0,0
0,0,0,0,0,0,0,0,1,0
0,0,1,0,0,0,0,0,0,0
0,1,0,0,0,0,0,0,0,0
1,0,0,0,0,0,1,0,0,1
0,0,1,0,0,0,0,0,0,0
0,0,0,1,0,0,0,0,0,0
0,0,0,0,0,0,0,0,1,0
0,0,0,1,0,0,0,0,0,0
1,0,0,0,0,0,0,0,0,0
0,1,1,0,0,0,0,0,0,0
1,0,0,0,0,0,0,0,0,0
0,0,0,0,0,1,0,0,0,0
0,0,0,1,0,0,0,0,0,0
0,0,0,0,0,0,0,1,0,0
0,0,0,0,0,0,0,0,1,0
1,0,0,0,0,0,0,0,0,0
0,0,1,0,0,0,0,0,0,0
0,0,0,0,1,0,0,0,0,0
0,0,1,0,0,0,0,0,0,0
1,0,0,0,0,0,0,0,0,0
0,0,0,0,1,0,0,0,0,0
0,0,0,1,0,0,0,0,0,0
1,0,0,0,0,0,0,0,0,0
0,0,0,1,0,0,0,0,0,0
0,0,1,0,0,0,0,0,0,0
1,0,1,0,1,0,1,0,0,1
0,0,0,0,1,0,0,0,0,0
1,0,1,0,0,0,0,0,0,1
1,1,0,0,0,0,0,0,0,0
0,1,0,0,0,0,0,0,0,0
1,0,0,0,0,0,0,0,0,0
0,0,0,1,0,0,0,1,0,0
0,1,0,0,0,0,0,0,0,0
0,0,0,1,0,0,0,0,0,0
1,0,0,0,1,0,0,0,0,0
1,1,0,0,0,0,1,0,0,1
1,0,0,0,0,0,1,0,0,1
1,1,0,0,0,0,0,0,0,0
0,0,1,0,0,0,0,0,0,0
0,1,0,0,0,0,0,0,0,0
1,0,0,0,0,1,0,0,0,0
0,0,0,1,0,0,0,0,0,0
0,0,0,0,1,0,0,0,0,0
0,0,0,0,0,0,0,1,0,0
0,0,0,1,0,0,0,0,0,0
1,1,0,0,0,1,0,0,0,0
0,0,1,0,0,0,0,0,0,0
1,0,0,0,0,0,1,0,1,1
0,0,0,1,0,0,0,0,0,0
0,0,0,0,1,0,0,0,0,0
1,0,1,0,0,0,0,0,0,1
0,0,1,0,1,0,0,0,0,0
0,0,1,0,1,1,0,0,0,0
1,0,0,0,0,0,1,0,0,1
0,0,1,0,0,0,0,0,0,0
0,0,0,0,0,0,0,1,0,0
0,0,0,0,0,1,0,0,1,0
0,0,0,1,0,0,0,0,0,0
0,0,0,0,0,0,0,0,1,0
0,0,0,0,0,0,0,0,1,0
1,0,0,1,0,0,0,0,0,1
0,0,1,0,0,0,0,0,0,0
0,1,0,0,0,0,0,0,0,0
0,0,0,0,1,0,0,0,0,0
0,0,1,0,0,0,0,1,0,0
1,0,0,0,0,0,0,0,0,0
0,0,1,0,0,0,0,0,0,0
0,1,0,0,0,0,0,0,0,0
0,1,0,0,0,0,0,0,0,0
0,1,0,0,0,0,0,0,0,0
0,0,0,0,0,1,0,0,0,0
0,0,0,0,1,0,0,1,0,0
0,0,0,0,0,0,0,0,0,1
0,0,0,0,1,0,0,0,0,0
0,0,1,0,0,0,0,0,0,0
1,0,1,1,0,0,0,0,0,0
0,0,0,1,0,0,0,0,0,0
0,1,0,0,0,0,0,0,0,0
1,0,0,0,1,0,0,0,0,1
0,1,1,0,0,1,0,0,0,0
1,0,0,0,0,0,0,0,0,0
0,0,0,0,0,1,0,0,0,0
0,0,0,1,0,1,0,0,0,0
0,0,1,0,1,0,0,0,0,0
1,1,0,0,0,0,0,0,0,0
1,0,0,0,0,0,1,0,0,0
0,1,0,0,0,0,0,0,0,0
1,0,0,0,0,0,0,0,0,1
0,0,1,0,0,0,1,1,0,0
1,1,1,1,0,0,0,0,0,0
1,0,0,0,0,0,1,0,0,0
0,0,0,0,0,0,0,1,0,0
0,0,1,0,0,0,0,0,0,0
0,0,0,0,0,0,0,0,1,0
1,0,0,0,0,0,0,0,0,0
1,1,0,0,0,0,0,0,0,0
1,0,0,0,0,0,1,0,0,0
0,1,0,0,0,0,0,0,0,0
0,1,0,0,0,0,0,0,0,0
0,0,0,0,1,0,0,0,0,0
1,0,0,1,0,0,0,0,0,0
0,0,0,0,1,0,0,0,0,0
0,0,1,0,0,0,0,0,0,0
0,0,0,0,1,0,0,0,0,0
1,1,0,0,0,0,0,0,0,0
1,0,0,0,1,0,1,0,0,1
0,0,0,0,0,0,0,1,0,0
0,0,0,0,0,0,0,0,1,0
0,0,0,0,0,0,0,0,1,0
1,1,0,0,1,0,0,0,0,0
1,0,1,0,0,0,1,0,0,1
0,0,0,0,0,1,0,0,0,0
1,0,0,0,0,0,0,0,0,0
0,0,1,0,0,0,0,0,0,0
0,1,0,0,0,0,0,0,0,0
1,0,0,0,0,0,0,0,0,1
1,0,0,0,0,0,0,0,0,0
1,0,0,0,1,1,0,0,0,0
0,0,1,0,0,0,0,0,0,0
1,1,0,0,0,0,0,0,0,0
0,0,0,0,1,0,0,0,0,0
0,0,0,0,0,0,0,0,1,0
1,1,0,0,0,1,1,0,0,0
0,0,0,0,0,0,0,1,0,0
0,0,0,0,0,0,0,1,0,0
0,0,0,1,0,0,0,0,0,0
0,0,1,0,0,0,0,0,0,0
0,1,0,0,0,0,0,0,0,0
0,0,0,0,1,0,0,0,0,0
1,0,1,0,1,0,1,0,0,0
1,0,0,0,0,0,0,0,0,1
0,0,0,1,1,0,0,0,0,0
0,0,0,0,1,0,0,0,0,0
0,1,0,0,0,0,0,0,0,0
1,0,0,0,0,0,1,1,0,1
1,0,0,0,0,0,0,0,0,0
0,0,1,0,0,0,0,0,0,0
1,0,0,0,0,0,0,0,0,0
0,0,0,0,1,0,0,0,0,0
0,1,1,0,0,0,0,0,1,0
0,0,0,0,0,0,1,0,0,0
0,0,1,0,0,1,0,0,0,0
0,1,0,0,0,0,0,0,0,0
1,0,0,0,0,0,0,0,1,0
0,0,0,0,0,1,0,0,0,0
0,0,0,0,0,1,0,0,0,0
0,0,0,0,0,1,0,0,0,0
0,0,0,0,1,0,0,0,0,0
0,0,0,1,0,0,0,0,0,0
0,1,0,0,0,0,0,0,0,0
0,0,0,1,0,0,0,0,0,0
0,0,1,0,0,0,0,0,0,0
1,1,0,0,0,0,0,0,0,0
0,0,0,1,0,0,0,0,0,0
1,0,0,0,0,0,1,0,0,0
0,0,0,0,0,0,0,0,1,0
0,0,1,0,0,0,0,0,0,0
0,0,0,0,0,1,0,0,0,0
0,0,0,0,1,0,1,0,0,0
0,0,0,0,0,0,0,0,1,0
0,0,1,0,0,0,0,0,0,0
0,0,1,0,0,0,0,0,0,0
0,0,0,0,1,1,0,0,0,0
0,0,0,0,0,0,1,0,0,0
0,0,0,0,1,0,0,0,0,0
0,0,0,1,0,0,0,0,0,0
0,0,0,0,0,1,0,0,0,0
1,0,1,0,0,0,0,0,1,0
1,0,0,0,0,0,0,0,0,1
0,1,0,0,0,0,0,1,0,0
0,1,0,0,0,0,0,1,0,0
0,0,0,0,1,0,0,0,0,0
0,0,0,0,0,0,0,1,0,0
1,0,0,0,0,1,0,0,0,0
0,0,0,1,0,0,0,0,0,0
1,0,0,0,0,1,0,0,1,0
0,0,0,0,1,0,0,0,0,0
1,0,0,0,0,0,0,0,0,0
0,1,0,0,0,1,0,0,0,0
0,0,0,0,0,1,0,0,0,0
0,0,0,1,0,0,0,0,0,0
0,1,0,0,0,0,0,0,0,0
0,0,0,1,0,0,0,0,0,0
0,0,0,1,0,0,0,0,0,0
1,0,0,1,0,0,1,0,0,0
0,0,1,0,0,0,0,0,0,0
0,1,1,0,0,0,0,0,0,0
0,0,0,0,0,1,0,0,0,0
0,0,1,0,0,0,0,0,0,0
0,1,0,0,0,0,0,0,0,0
1,1,0,0,0,0,0,0,0,1
0,0,0,1,0,0,0,0,0,0
0,0,0,1,0,0,0,0,0,0
0,0,0,1,0,0,0,0,0,0
1,1,0,0,0,0,0,0,0,0
0,0,0,0,0,1,0,0,0,0
1,0,0,0,0,0,0,0,0,0
0,0,0,1,0,0,0,1,0,0
1,0,0,0,1,0,0,0,0,0
1,0,0,0,0,0,1,0,0,1
0,0,0,0,0,0,0,1,0,0
1,0,0,0,0,0,0,0,1,0
0,0,0,0,1,0,0,0,0,0
0,1,0,0,0,0,0,0,0,0
0,1,1,0,0,0,0,0,0,0
0,0,0,0,0,1,0,0,0,0
0,0,0,0,0,1,0,0,0,0
1,0,0,0,1,0,0,0,0,0
0,0,0,1,0,0,0,0,0,0
0,0,0,1,0,0,0,0,0,0
0,1,0,0,0,0,0,0,0,0
0,0,0,1,0,0,0,0,0,0
0,0,0,1,0,0,0,0,0,0
0,0,1,0,0,0,0,0,0,0
0,0,0,0,1,0,0,0,0,0
1,0,0,0,0,0,0,0,0,0
1,1,0,0,0,0,0,0,0,0
0,0,0,1,0,0,0,0,0,0
0,1,0,0,0,0,0,0,0,0
1,0,0,0,0,0,1,0,0,0
0,0,0,0,0,0,0,1,0,0
0,0,0,0,0,0,0,1,0,0
1,0,0,0,0,0,0,1,1,0
0,0,0,0,1,0,0,0,0,0
0,0,0,1,0,0,0,0,0,0
1,0,0,0,1,0,0,1,0,0
0,0,0,0,0,0,0,0,1,0
0,0,0,0,0,0,0,0,1,0
1,1,0,1,0,0,1,0,0,1
1,0,1,0,0,0,0,0,0,0
1,0,0,0,0,0,0,0,0,0
0,0,0,0,1,0,0,0,0,0
0,0,0,0,0,1,0,0,0,0
0,0,1,0,0,0,0,0,0,0
1,0,1,0,0,1,0,0,0,0
0,0,0,0,0,0,0,0,1,0
0,0,0,0,0,0,0,0,1,0
1,0,0,0,0,0,1,0,0,0
0,0,0,1,0,0,0,0,0,0
0,1,0,0,0,0,0,0,0,0
0,0,1,0,0,0,0,0,0,0
0,0,0,0,0,0,0,1,0,0
1,0,0,0,0,0,0,1,0,0
0,0,0,0,0,0,0,1,0,0
0,0,0,0,0,0,0,0,1,0
1,0,0,0,0,0,0,0,1,0
1,0,0,0,0,0,0,0,0,0
1,0,1,0,0,0,1,0,0,0
1,0,0,0,0,0,0,0,0,0
1,0,0,0,0,0,0,0,0,0
0,0,1,0,0,0,0,0,0,0
0,0,0,0,0,1,0,0,0,0
1,1,0,0,0,0,0,0,0,1
1,0,0,1,0,0,0,0,0,0
0,0,0,0,0,0,0,0,1,0
0,0,1,0,0,0,0,0,0,0
1,0,0,0,0,0,0,1,0,0
1,0,0,0,0,0,0,0,0,0
0,0,0,1,0,0,0,0,0,0
1,0,0,0,0,0,0,0,0,0
0,0,0,0,0,0,0,1,0,0
0,0,0,0,1,0,0,0,0,0
0,0,0,0,1,0,0,0,0,0
1,0,0,0,0,0,0,0,0,0
0,0,0,0,0,1,0,0,0,0
0,0,0,0,0,0,0,0,1,0
0,1,0,0,0,0,0,0,0,0
0,0,0,0,0,1,0,0,0,0
1,0,0,0,0,0,0,0,0,0
0,1,0,0,0,0,0,0,0,0
1,0,0,0,0,1,1,0,0,1
1,0,0,0,0,0,1,0,0,0
0,0,1,1,0,0,0,0,0,0
0,0,0,0,1,0,0,0,0,0
1,0,0,0,0,0,0,1,0,0
0,0,0,0,0,0,1,0,0,1
1,0,0,0,0,1,0,0,0,0
1,0,0,0,0,0,0,0,0,0
0,0,0,1,0,0,0,0,0,0
1,0,0,0,0,0,1,0,0,0
0,0,0,0,0,0,0,0,1,0
1,0,0,0,0,0,1,0,0,0
1,0,0,0,0,0,0,0,0,0
1,0,0,0,0,0,0,0,0,0
0,0,0,0,0,1,0,0,0,0
1,0,0,0,1,0,0,0,0,0
0,0,0,1,0,0,0,0,0,0
1,0,0,0,0,0,0,0,0,0
0,0,1,0,0,0,0,0,0,0
0,0,0,0,0,0,1,0,0,0
0,0,0,0,0,1,0,0,0,0
0,0,0,0,0,1,0,0,0,0
0,0,0,0,0,1,0,0,0,0
1,0,0,0,1,0,1,0,0,0
0,0,0,0,1,0,0,0,0,0
0,0,0,0,0,1,0,0,0,0
1,0,0,0,0,1,1,0,0,0
0,0,0,0,1,0,0,0,0,0
0,0,1,0,0,0,0,0,0,0
0,0,0,1,1,0,0,0,0,0
0,1,1,0,0,1,0,1,0,0
0,0,0,1,0,0,0,0,0,0
1,0,0,1,0,0,1,0,0,1
0,0,1,1,0,0,0,0,0,0
1,0,0,0,0,0,0,0,1,0
1,0,0,0,0,0,0,0,0,0
1,0,0,0,0,0,0,0,0,0
1,0,0,0,0,0,1,0,0,0
0,0,0,0,1,0,0,0,0,0
0,0,0,1,0,0,0,0,0,0
0,1,1,0,0,0,0,0,0,0
1,0,0,0,0,1,0,0,0,0
0,1,1,0,0,0,0,0,0,0
0,0,0,0,0,1,0,0,0,0
0,0,1,0,0,0,0,0,1,0
0,0,0,0,0,0,0,0,1,0
1,0,1,0,1,0,0,0,0,0
0,1,0,0,0,0,0,1,0,0
0,0,0,0,1,0,0,0,0,0
1,0,1,0,1,0,0,0,0,0
1,0,0,0,0,0,1,0,0,0
0,1,0,0,0,0,0,0,0,0
0,0,0,0,1,0,0,0,0,0
1,0,0,0,0,1,0,0,1,1
0,0,0,0,1,0,0,0,0,0
0,0,0,0,1,1,0,0,0,1
0,0,0,0,1,0,0,0,0,0
1,0,0,0,0,0,0,0,0,0
1,0,0,0,0,0,1,0,0,0
1,0,0,0,0,0,0,0,0,0
0,0,0,1,0,0,0,0,0,0
1,0,0,1,0,0,1,0,0,1
0,0,0,0,0,1,0,0,0,0
0,0,0,1,0,0,0,0,0,0
0,0,0,0,1,0,0,0,0,0
1,0,1,0,0,0,0,0,0,0
0,1,0,0,0,0,0,0,0,0
0,1,0,0,0,0,0,0,0,0
0,0,0,0,0,1,0,0,0,0
0,0,1,0,0,0,0,0,0,0
1,1,1,0,0,0,0,0,0,0
0,0,1,0,0,0,0,0,0,0
0,0,0,1,0,0,0,0,0,0
0,0,0,0,0,0,0,0,0,1
1,0,0,0,0,1,1,0,0,0
0,0,0,0,0,0,1,1,0,0
1,0,0,0,0,0,1,0,0,0
0,0,0,0,0,0,0,1,0,0
0,0,0,0,0,1,0,0,0,0
0,0,0,1,0,0,0,0,0,0
1,1,0,0,0,0,1,0,0,0
0,0,0,1,0,0,0,0,0,0
0,0,0,0,0,1,0,0,0,0
0,0,0,1,0,0,0,0,0,0
1,0,0,0,0,0,0,0,1,0
0,0,0,0,0,0,0,0,1,0
0,1,1,1,0,0,0,0,1,0
0,0,0,0,0,0,0,1,0,0
0,0,0,0,0,1,0,0,0,0
1,1,0,0,0,0,1,0,0,1
0,0,1,0,0,0,0,0,0,0
0,0,0,0,0,0,0,0,1,0
1,1,0,0,0,0,0,0,0,0
1,1,0,0,0,0,1,1,0,0
1,0,0,0,0,0,0,0,0,0
1,0,0,0,0,0,0,0,0,0
0,0,1,0,0,0,0,0,0,0
0,0,0,0,0,1,0,0,0,0
1,1,0,1,0,0,1,1,0,0
1,1,0,0,0,0,0,0,0,0
1,0,1,0,0,0,0,0,0,0
0,0,1,0,0,0,0,0,0,0
1,0,0,0,0,0,0,0,0,1
0,0,0,0,0,1,0,0,0,0
0,0,0,0,0,1,0,0,0,0
0,0,0,1,0,1,0,0,0,0
0,1,0,0,0,0,0,0,0,0
1,0,0,0,0,0,0,0,0,0
1,0,0,0,0,0,1,0,0,1
0,1,0,0,0,0,0,0,0,0
1,0,0,0,0,0,0,0,0,0
0,0,0,1,0,0,0,0,0,0
0,0,0,0,0,0,0,0,1,0
0,0,0,1,0,0,0,0,0,0
0,0,0,0,0,1,0,0,0,0
0,1,0,0,0,0,0,0,0,0
0,1,1,0,0,0,0,0,1,0
0,0,0,0,0,0,0,1,0,0
0,0,1,0,0,0,0,0,0,0
1,0,0,0,1,0,1,0,0,0
0,0,0,1,0,0,0,0,0,0
0,0,0,0,0,1,0,0,0,0
0,0,1,0,1,0,0,0,0,0
0,0,0,0,0,0,0,0,1,0
0,1,0,0,1,0,0,0,0,0
1,1,0,0,1,0,1,0,0,1
0,0,1,0,0,0,0,0,0,0
1,0,0,0,0,0,0,0,0,0
0,0,0,0,1,0,0,0,0,0
0,0,0,1,0,0,0,0,0,0
0,1,0,0,0,0,0,0,0,1
1,0,0,0,0,0,1,0,0,0
0,0,1,0,0,0,0,0,0,0
0,0,0,0,0,1,0,0,0,0
0,0,0,1,0,0,0,0,0,0
1,0,0,0,0,0,0,0,0,0
0,0,0,1,0,0,0,0,0,0
0,0,0,0,0,0,1,1,0,0
1,0,0,1,0,1,0,1,0,0
1,0,0,0,0,1,0,0,0,0
0,0,1,0,0,0,0,0,0,0
1,0,0,0,0,0,0,0,0,0
0,0,0,0,0,0,0,1,0,0
1,0,0,0,0,0,0,0,0,0
0,0,0,0,1,1,0,0,0,0
0,0,0,0,0,0,0,0,1,0
0,1,0,0,0,0,0,0,0,0
0,0,0,0,0,0,0,1,0,0
1,0,0,0,0,0,0,0,1,0
0,0,0,0,0,0,0,0,1,0
0,0,0,0,0,0,0,1,0,0
1,0,0,0,0,0,0,0,0,0
0,0,0,0,0,0,0,0,1,0
1,0,1,0,0,0,0,0,0,1
0,0,0,0,0,0,0,0,0,1
0,0,0,0,1,0,0,0,0,0
0,1,0,0,0,0,0,0,0,0
0,0,0,0,0,1,0,1,0,0
0,0,0,0,1,0,0,0,0,0
0,0,0,0,0,0,0,0,1,0
1,1,0,0,0,1,1,0,0,0
0,0,0,0,1,0,0,0,0,0
1,0,0,0,0,0,1,1,0,0
1,1,1,0,0,0,0,0,0,1
1,0,0,0,1,0,1,0,0,0
0,0,0,1,0,0,0,0,0,0
0,0,1,0,0,0,0,0,0,0
0,0,0,0,1,0,0,0,0,0
1,0,0,0,0,0,1,0,0,0
1,0,0,0,0,0,0,0,0,0
1,0,0,0,1,0,0,0,0,0
0,0,0,0,1,0,0,0,0,0
0,0,0,0,0,0,0,1,0,0
0,0,0,0,0,0,0,1,0,0
0,0,0,1,0,0,0,0,0,0
1,0,0,0,0,0,0,1,0,0
1,0,1,0,0,0,1,0,0,1
1,0,0,0,0,0,0,0,0,1
0,0,0,0,0,1,0,0,0,0
0,0,1,0,0,0,0,0,0,0
0,1,0,0,0,0,0,0,0,0
0,1,0,0,0,0,0,0,0,0
0,0,0,1,0,0,0,0,0,0
0,1,1,0,0,0,1,0,0,0
0,0,1,0,0,0,0,0,0,0
0,0,0,0,0,0,0,1,0,0
0,0,0,0,0,1,0,0,0,0
1,0,0,0,0,0,1,0,0,1
0,0,1,0,0,0,0,0,0,0
1,1,0,0,0,0,0,0,0,0
1,0,0,0,0,0,0,0,1,0
0,0,0,0,0,1,0,0,0,0
0,0,0,1,0,0,0,0,0,0
1,0,0,0,0,1,0,0,0,0
1,0,0,0,0,0,0,0,0,1
0,0,0,0,1,0,0,0,0,0
1,0,0,0,0,0,1,1,0,1
0,0,1,0,0,0,0,0,0,0
0,0,0,0,0,0,0,1,0,0
0,1,0,0,0,0,0,0,0,0
1,1,0,0,0,0,0,0,0,0
0,0,0,0,0,0,0,1,0,0
0,0,0,0,1,0,0,0,0,0
0,0,0,0,0,1,0,0,0,0
1,0,0,0,0,0,0,0,0,1
